{
  "ALMERÍA": 1388.5,
  "CÁDIZ": 1893.2,
  "CÓRDOBA": 1243.4,
  "GRANADA": 1568.6,
  "HUELVA": 1454.1999999999998,
  "JAÉN": 862.8,
  "MÁLAGA": 2897.2999999999997,
  "SEVILLA": 1780.1999999999998,
  "HUESCA": 1402.0,
  "TERUEL": 964.0,
  "ZARAGOZA": 1818.1,
  "ASTURIAS": 1668.2,
  "ILLES BALEARS": 3809.9,
  "LAS PALMAS": 2151.1,
  "SANTA CRUZ DE TENERIFE": 2141.3,
  "CANTABRIA": 1984.6999999999998,
  "ÁVILA": 1087.8000000000002,
  "BURGOS": 1371.2,
  "LEÓN": 990.0,
  "PALENCIA": 1012.6999999999999,
  "SALAMANCA": 1391.7,
  "SEGOVIA": 1374.8,
  "SORIA": 1082.9,
  "VALLADOLID": 1524.1999999999998,
  "ZAMORA": 900.5,
  "ALBACETE": 1144.2,
  "CIUDAD REAL": 791.1,
  "CUENCA": 898.0,
  "GUADALAJARA": 1604.6,
  "TOLEDO": 1143.5,
  "BARCELONA": 3083.0,
  "GIRONA": 2083.1,
  "LLEIDA": 1212.6,
  "TARRAGONA": 1726.8,
  "VALENCIA": 1832.0,
  "ALICANTE/ALACANT": 1902.9,
  "CASTELLÓN/CASTELLÓ": 1367.1,
  "BADAJOZ": 952.7,
  "CÁCERES": 906.4,
  "A CORUÑA": 1631.6000000000001,
  "LUGO": 1100.6,
  "OURENSE": 1063.1,
  "PONTEVEDRA": 1701.8,
  "MADRID": 3902.3,
  "MURCIA": 1264.0,
  "NAVARRA": 1851.5,
  "ARABA/ÁLAVA": 2404.8,
  "GIPUZKOA": 3362.8999999999996,
  "BIZKAIA": 2894.6,
  "LA RIOJA": 1367.2,
  "CEUTA": 2148.5,
  "MELILLA": 2082.2,
  "DEFAULT": 2230.0
}